{
  "Atlanta Hawks": {
    "W_PCT": 0.474,
    "NET_RATING": -1.75,
    "TURNOVER_PCT": 13.198209867169286,
    "PLUS_MINUS": -133.0,
    "TOV": 1182.0,
    "FGA": 6991,
    "FTA": 1779,
    "REB": 3380,
    "AST": 2238,
    "W_PCT_LAST5": 0.4,
    "NET_RATING_LAST5": -6.0,
    "TURNOVER_PCT_LAST5": 14.168658245134859,
    "REB_LAST5": 42.6,
    "AST_LAST5": 26.8
  },
  "Boston Celtics": {
    "W_PCT": 0.737,
    "NET_RATING": 8.789473684210526,
    "TURNOVER_PCT": 10.699851298280398,
    "PLUS_MINUS": 668.0,
    "TOV": 898.0,
    "FGA": 6843,
    "FTA": 1481,
    "REB": 3423,
    "AST": 1980,
    "W_PCT_LAST5": 0.8,
    "NET_RATING_LAST5": 11.4,
    "TURNOVER_PCT_LAST5": 9.69529085872576,
    "REB_LAST5": 43.0,
    "AST_LAST5": 24.0
  },
  "Brooklyn Nets": {
    "W_PCT": 0.329,
    "NET_RATING": -6.631578947368421,
    "TURNOVER_PCT": 13.635475120025554,
    "PLUS_MINUS": -504.0,
    "TOV": 1144.0,
    "FGA": 6552,
    "FTA": 1577,
    "REB": 3143,
    "AST": 1902,
    "W_PCT_LAST5": 0.4,
    "NET_RATING_LAST5": 0.4,
    "TURNOVER_PCT_LAST5": 13.630644484831539,
    "REB_LAST5": 40.4,
    "AST_LAST5": 26.0
  },
  "Charlotte Hornets": {
    "W_PCT": 0.25,
    "NET_RATING": -8.06578947368421,
    "TURNOVER_PCT": 13.628714867815372,
    "PLUS_MINUS": -613.0,
    "TOV": 1176.0,
    "FGA": 6799,
    "FTA": 1486,
    "REB": 3443,
    "AST": 1859,
    "W_PCT_LAST5": 0.4,
    "NET_RATING_LAST5": -3.6,
    "TURNOVER_PCT_LAST5": 14.702900020279861,
    "REB_LAST5": 47.0,
    "AST_LAST5": 22.6
  },
  "Chicago Bulls": {
    "W_PCT": 0.447,
    "NET_RATING": -2.4078947368421053,
    "TURNOVER_PCT": 12.666143284890088,
    "PLUS_MINUS": -183.0,
    "TOV": 1110.0,
    "FGA": 7001,
    "FTA": 1483,
    "REB": 3454,
    "AST": 2212,
    "W_PCT_LAST5": 0.6,
    "NET_RATING_LAST5": -2.8,
    "TURNOVER_PCT_LAST5": 13.768953559529477,
    "REB_LAST5": 51.6,
    "AST_LAST5": 27.6
  },
  "Cleveland Cavaliers": {
    "W_PCT": 0.803,
    "NET_RATING": 10.131578947368421,
    "TURNOVER_PCT": 11.478922003745753,
    "PLUS_MINUS": 770.0,
    "TOV": 988.0,
    "FGA": 6879,
    "FTA": 1682,
    "REB": 3431,
    "AST": 2139,
    "W_PCT_LAST5": 1.0,
    "NET_RATING_LAST5": 18.2,
    "TURNOVER_PCT_LAST5": 12.419006479481641,
    "REB_LAST5": 40.0,
    "AST_LAST5": 28.4
  },
  "Dallas Mavericks": {
    "W_PCT": 0.494,
    "NET_RATING": -0.2077922077922078,
    "TURNOVER_PCT": 12.274105462266688,
    "PLUS_MINUS": -16.0,
    "TOV": 1059.0,
    "FGA": 6791,
    "FTA": 1768,
    "REB": 3318,
    "AST": 1949,
    "W_PCT_LAST5": 0.6,
    "NET_RATING_LAST5": 1.4,
    "TURNOVER_PCT_LAST5": 9.40984305091968,
    "REB_LAST5": 44.6,
    "AST_LAST5": 24.4
  },
  "Denver Nuggets": {
    "W_PCT": 0.61,
    "NET_RATING": 3.987012987012987,
    "TURNOVER_PCT": 12.490923942639318,
    "PLUS_MINUS": 307.0,
    "TOV": 1101.0,
    "FGA": 6928,
    "FTA": 1785,
    "REB": 3522,
    "AST": 2391,
    "W_PCT_LAST5": 0.4,
    "NET_RATING_LAST5": -3.2,
    "TURNOVER_PCT_LAST5": 10.55570689185508,
    "REB_LAST5": 47.0,
    "AST_LAST5": 27.8
  },
  "Detroit Pistons": {
    "W_PCT": 0.553,
    "NET_RATING": 2.1578947368421053,
    "TURNOVER_PCT": 13.202161983288754,
    "PLUS_MINUS": 164.0,
    "TOV": 1149.0,
    "FGA": 6807,
    "FTA": 1698,
    "REB": 3423,
    "AST": 1999,
    "W_PCT_LAST5": 0.2,
    "NET_RATING_LAST5": -4.4,
    "TURNOVER_PCT_LAST5": 15.242808980704398,
    "REB_LAST5": 45.4,
    "AST_LAST5": 22.2
  },
  "Golden State Warriors": {
    "W_PCT": 0.587,
    "NET_RATING": 2.84,
    "TURNOVER_PCT": 12.203195442275504,
    "PLUS_MINUS": 213.0,
    "TOV": 1047.0,
    "FGA": 6812,
    "FTA": 1638,
    "REB": 3421,
    "AST": 2186,
    "W_PCT_LAST5": 0.8,
    "NET_RATING_LAST5": 20.4,
    "TURNOVER_PCT_LAST5": 13.014590040413726,
    "REB_LAST5": 48.0,
    "AST_LAST5": 31.6
  },
  "Houston Rockets": {
    "W_PCT": 0.649,
    "NET_RATING": 5.311688311688312,
    "TURNOVER_PCT": 11.779514042508008,
    "PLUS_MINUS": 409.0,
    "TOV": 1065.0,
    "FGA": 7196,
    "FTA": 1773,
    "REB": 3759,
    "AST": 1786,
    "W_PCT_LAST5": 0.6,
    "NET_RATING_LAST5": 4.6,
    "TURNOVER_PCT_LAST5": 10.14679023202327,
    "REB_LAST5": 46.8,
    "AST_LAST5": 20.2
  },
  "Indiana Pacers": {
    "W_PCT": 0.592,
    "NET_RATING": 1.9473684210526316,
    "TURNOVER_PCT": 12.004532684907577,
    "PLUS_MINUS": 148.0,
    "TOV": 1017.0,
    "FGA": 6753,
    "FTA": 1595,
    "REB": 3138,
    "AST": 2226,
    "W_PCT_LAST5": 0.4,
    "NET_RATING_LAST5": -4.8,
    "TURNOVER_PCT_LAST5": 14.224019742253908,
    "REB_LAST5": 42.0,
    "AST_LAST5": 29.2
  },
  "LA Clippers": {
    "W_PCT": 0.579,
    "NET_RATING": 3.9473684210526314,
    "TURNOVER_PCT": 13.574241481361842,
    "PLUS_MINUS": 300.0,
    "TOV": 1143.0,
    "FGA": 6543,
    "FTA": 1669,
    "REB": 3326,
    "AST": 1900,
    "W_PCT_LAST5": 0.4,
    "NET_RATING_LAST5": 0.6,
    "TURNOVER_PCT_LAST5": 14.611840748126246,
    "REB_LAST5": 48.0,
    "AST_LAST5": 27.4
  },
  "Los Angeles Lakers": {
    "W_PCT": 0.613,
    "NET_RATING": 0.8266666666666667,
    "TURNOVER_PCT": 12.643946467475882,
    "PLUS_MINUS": 62.0,
    "TOV": 1040.0,
    "FGA": 6421,
    "FTA": 1737,
    "REB": 3193,
    "AST": 1965,
    "W_PCT_LAST5": 0.6,
    "NET_RATING_LAST5": -2.0,
    "TURNOVER_PCT_LAST5": 12.717253073336158,
    "REB_LAST5": 42.2,
    "AST_LAST5": 26.6
  },
  "Memphis Grizzlies": {
    "W_PCT": 0.579,
    "NET_RATING": 4.671052631578948,
    "TURNOVER_PCT": 13.194355723354672,
    "PLUS_MINUS": 355.0,
    "TOV": 1198.0,
    "FGA": 7098,
    "FTA": 1781,
    "REB": 3583,
    "AST": 2181,
    "W_PCT_LAST5": 0.4,
    "NET_RATING_LAST5": -4.2,
    "TURNOVER_PCT_LAST5": 13.644834930777423,
    "REB_LAST5": 44.8,
    "AST_LAST5": 30.8
  },
  "Miami Heat": {
    "W_PCT": 0.461,
    "NET_RATING": 0.02631578947368421,
    "TURNOVER_PCT": 12.663846046226658,
    "PLUS_MINUS": 2.0,
    "TOV": 1050.0,
    "FGA": 6558,
    "FTA": 1553,
    "REB": 3267,
    "AST": 2000,
    "W_PCT_LAST5": 0.6,
    "NET_RATING_LAST5": 1.6,
    "TURNOVER_PCT_LAST5": 10.99099099099099,
    "REB_LAST5": 46.4,
    "AST_LAST5": 25.4
  },
  "Milwaukee Bucks": {
    "W_PCT": 0.547,
    "NET_RATING": 1.8,
    "TURNOVER_PCT": 12.356288355472692,
    "PLUS_MINUS": 135.0,
    "TOV": 1018.0,
    "FGA": 6467,
    "FTA": 1713,
    "REB": 3250,
    "AST": 1886,
    "W_PCT_LAST5": 0.2,
    "NET_RATING_LAST5": -8.6,
    "TURNOVER_PCT_LAST5": 13.231297382348735,
    "REB_LAST5": 43.4,
    "AST_LAST5": 21.8
  },
  "Minnesota Timberwolves": {
    "W_PCT": 0.579,
    "NET_RATING": 4.526315789473684,
    "TURNOVER_PCT": 12.919045355497301,
    "PLUS_MINUS": 344.0,
    "TOV": 1098.0,
    "FGA": 6672,
    "FTA": 1657,
    "REB": 3357,
    "AST": 1989,
    "W_PCT_LAST5": 0.6,
    "NET_RATING_LAST5": 0.6,
    "TURNOVER_PCT_LAST5": 15.169237517362378,
    "REB_LAST5": 42.0,
    "AST_LAST5": 27.4
  },
  "New Orleans Pelicans": {
    "W_PCT": 0.276,
    "NET_RATING": -8.671052631578947,
    "TURNOVER_PCT": 12.814716046192954,
    "PLUS_MINUS": -659.0,
    "TOV": 1111.0,
    "FGA": 6827,
    "FTA": 1663,
    "REB": 3306,
    "AST": 1958,
    "W_PCT_LAST5": 0.4,
    "NET_RATING_LAST5": -8.2,
    "TURNOVER_PCT_LAST5": 14.391014391014393,
    "REB_LAST5": 43.6,
    "AST_LAST5": 25.0
  },
  "New York Knicks": {
    "W_PCT": 0.632,
    "NET_RATING": 4.144736842105263,
    "TURNOVER_PCT": 11.867368034396529,
    "PLUS_MINUS": 315.0,
    "TOV": 1008.0,
    "FGA": 6792,
    "FTA": 1577,
    "REB": 3257,
    "AST": 2085,
    "W_PCT_LAST5": 0.6,
    "NET_RATING_LAST5": 7.0,
    "TURNOVER_PCT_LAST5": 11.36109662519556,
    "REB_LAST5": 41.4,
    "AST_LAST5": 24.4
  },
  "Oklahoma City Thunder": {
    "W_PCT": 0.842,
    "NET_RATING": 13.394736842105264,
    "TURNOVER_PCT": 10.442628200665544,
    "PLUS_MINUS": 1018.0,
    "TOV": 900.0,
    "FGA": 7033,
    "FTA": 1558,
    "REB": 3416,
    "AST": 2051,
    "W_PCT_LAST5": 1.0,
    "NET_RATING_LAST5": 18.6,
    "TURNOVER_PCT_LAST5": 10.171712295703745,
    "REB_LAST5": 46.4,
    "AST_LAST5": 25.8
  },